﻿<?xml version="1.0" encoding="utf-8"?>
<HelpTOC>

  <HelpTOCNode Title="Welcome to the [TODO: Add project name]" Url="html/2f45d092-4d2f-4d5c-bb85-90fefd0013ef.htm" />
  <HelpTOCNode Id="6b6732eb-4e02-49d8-9423-640a1d0904c4" Title="Version History" Url="html/7d679e5f-02f3-44ac-9508-c383349c953d.htm">
    <HelpTOCNode Title="Version 1.0.0.0" Url="html/7ca84ae9-8988-41c6-a4db-88ed81f444e2.htm" />
  </HelpTOCNode>
  <HelpTOCNode Id="ba87bbf8-e00e-4491-bd22-2b81d969ef03" Title="ProgrammingAssignment2" Url="html/253b6a51-1fba-eeca-d86b-93312e159f8d.htm">
    <HelpTOCNode Id="81c3eabb-7606-40ef-8550-641da53de83f" Title="Card Class" Url="html/f0a3771c-55f6-3192-f44d-63266316d500.htm">
      <HelpTOCNode Title="Card Constructor " Url="html/e487e0b7-8811-222f-dbe5-a3cf9a4ffcbe.htm" />
      <HelpTOCNode Id="1b29a54e-c206-479a-83fe-84e8142f898f" Title="Card Properties" Url="html/979d8495-2842-641f-0363-f0f9c68d59a7.htm">
        <HelpTOCNode Title="FaceUp Property " Url="html/93606c24-64cc-1b0e-f7fc-f0825c46aa3d.htm" />
        <HelpTOCNode Title="Rank Property " Url="html/d02e68c5-8462-9198-64a6-89801ad7d052.htm" />
        <HelpTOCNode Title="Suit Property " Url="html/71850d53-0a08-a2e0-1e1f-46c776f6d3d6.htm" />
      </HelpTOCNode>
      <HelpTOCNode Id="777a6a67-e96a-4ab2-a35d-ccc732dda488" Title="Card Methods" Url="html/b47ad532-18a0-0c20-8feb-572547c7b58c.htm">
        <HelpTOCNode Title="FlipOver Method " Url="html/3837a8f2-5978-1dda-5897-7435b5595605.htm" />
      </HelpTOCNode>
    </HelpTOCNode>
    <HelpTOCNode Id="2678d49a-6e26-4895-a448-3d3d9c78d848" Title="Deck Class" Url="html/98d51300-dadf-2a24-a28c-0179d33f5847.htm">
      <HelpTOCNode Title="Deck Constructor " Url="html/a6083867-ee98-41e3-ab29-ac941285a4f4.htm" />
      <HelpTOCNode Id="340d6ff7-4e64-4db3-a8f4-fbfb1e4c3f00" Title="Deck Properties" Url="html/6808ebb4-376f-7cf0-d3a8-80037c460a08.htm">
        <HelpTOCNode Title="Empty Property " Url="html/ca833989-7ee3-c73e-17a7-b7fecadf5a0a.htm" />
      </HelpTOCNode>
      <HelpTOCNode Id="84521d35-f346-4d6d-969a-9699f6180e01" Title="Deck Methods" Url="html/85f116dc-05f2-344c-f4d5-26b36e984d37.htm">
        <HelpTOCNode Title="Cut Method " Url="html/4138f3df-5926-f972-d405-3c03e0be9b9b.htm" />
        <HelpTOCNode Title="Print Method " Url="html/68391c74-750e-c0da-eb04-db69470ce1f4.htm" />
        <HelpTOCNode Title="Shuffle Method " Url="html/582db5eb-0ba2-26f4-500e-19ac0d053fa3.htm" />
        <HelpTOCNode Title="TakeTopCard Method " Url="html/2bc81c38-df5d-06e9-ea95-da69791ba205.htm" />
      </HelpTOCNode>
    </HelpTOCNode>
    <HelpTOCNode Title="Rank Enumeration" Url="html/2349842c-58fa-73f6-b133-bf4716aac773.htm" />
    <HelpTOCNode Title="Suit Enumeration" Url="html/20d25eb0-4ca7-7ff6-7206-f03b33345a85.htm" />
  </HelpTOCNode>
</HelpTOC>
